{"cameraMode":{"drawMode":0,"name":"Shaded","section":"Shading Mode"},"sceneLighting":true,"audioPlay":false,"sceneViewState":{"showFog":true,"showMaterialUpdate":true,"showSkybox":true,"showFlares":true,"showImageEffects":true,"showParticleSystems":true},"in2DMode":false,"pivot":{"x":52.23820877075195,"y":171.97886657714845,"z":52.3870849609375},"rotation":{"x":0.09883948415517807,"y":0.0029839330818504097,"z":-0.00030085595790296793,"w":0.9951198697090149},"size":372.38787841796877,"orthographic":false}