{"cameraMode":{"drawMode":0,"name":"Shaded","section":"Shading Mode"},"sceneLighting":false,"audioPlay":false,"sceneViewState":{"showFog":true,"showMaterialUpdate":false,"showSkybox":false,"showFlares":true,"showImageEffects":true,"showParticleSystems":true},"in2DMode":false,"pivot":{"x":-23.46734046936035,"y":-31.81902313232422,"z":51.802520751953128},"rotation":{"x":-0.4319482743740082,"y":0.3357725143432617,"z":-0.17723582684993745,"w":-0.8182210326194763},"size":48.161006927490237,"orthographic":false}