{"cameraMode":{"drawMode":0,"name":"Shaded","section":"Shading Mode"},"sceneLighting":false,"audioPlay":false,"sceneViewState":{"showFog":true,"showMaterialUpdate":false,"showSkybox":false,"showFlares":true,"showImageEffects":true,"showParticleSystems":true},"in2DMode":false,"pivot":{"x":-2.129246234893799,"y":-61.749176025390628,"z":75.97555541992188},"rotation":{"x":0.36421799659729006,"y":-0.056663379073143008,"z":0.02219216525554657,"w":0.9293747544288635},"size":58.7080192565918,"orthographic":false}